client_id,name,email,phone,region
1,Stephen Savage,gina59@example.net,619-461-4992,Saint-Peterburg
2,Rebecca Jones,ramirezchad@example.org,751-876-4515x8353,Kazan
3,Dr. John Clark Jr.,fletchermelissa@example.org,869.735.7947x176,Saint-Peterburg
4,Mr. Troy Thomas DDS,michaelwilliams@example.net,608.658.9450,Saint-Peterburg
5,Megan Johnson,sullivanjessica@example.org,291-943-8045x36894,Saint-Peterburg
6,James Vincent,jennifermatthews@example.net,001-449-497-9597x76759,Saint-Peterburg
7,Ian Ellis,brady42@example.com,929-650-6477x49516,Saint-Peterburg
8,Amy Williams,richardewing@example.org,001-204-938-7094,Moscow
9,Theodore Hernandez,bakercasey@example.org,369.672.7717,Saint-Peterburg
10,Jaime Johnson,guerrajeremy@example.org,(383)294-3894x45823,Moscow
11,Stephanie Maynard,kingkrystal@example.net,209.889.1825,Moscow
12,Kevin Phillips,bcarter@example.net,001-831-891-2303x0888,Kazan
13,Debra Taylor,jamieking@example.net,001-741-499-8179x739,Tula
14,Carol Waller,robertyang@example.org,(548)576-2245,Moscow
15,Derrick Weaver,turnermichael@example.net,+1-324-871-4245x1070,Tula
16,Katelyn Adkins,burnettmaria@example.org,(548)259-3972,Tula
17,Jamie Campbell,jay39@example.com,827-343-4798x150,Kazan
18,Elizabeth Tate,kevin36@example.net,001-239-740-9705x05488,Moscow
19,Gregory Lopez,michelle66@example.com,277.780.6041,Saint-Peterburg
20,Joseph Vargas,qross@example.com,(757)933-6001,Moscow
21,James Mcclure DDS,jessica57@example.net,618.544.1061,Moscow
22,Willie French,jodi41@example.com,293.721.3004x85117,Tula
23,Nathaniel York,nwilson@example.com,+1-407-872-5094x652,Tula
24,Preston Howell,solomonsusan@example.org,+1-213-520-0852,Moscow
25,Sean Guzman,rebeccagriffin@example.com,(609)471-1515,Moscow
26,Kayla Torres,shanemueller@example.com,606-803-2942,Saint-Peterburg
27,Stephen Price,melissabrown@example.com,590.945.3921x37174,Kazan
28,Patricia Barnett,jonathanblackwell@example.net,+1-406-630-6931,Saint-Peterburg
29,Dominique Spencer,sward@example.org,(590)564-3080,Tula
30,Joshua Webster,codyanderson@example.com,001-625-590-7241x1466,Saint-Peterburg
31,Joel Taylor,fmurphy@example.com,001-775-490-4196,Kazan
32,Paul Poole,vjohnson@example.net,(349)624-6352x951,Tula
33,Mary Stein,josephfrancis@example.com,936-698-1883x7228,Tula
34,John Pierce,robertmercado@example.com,001-585-278-1906x156,Moscow
35,John Thompson,andrewjensen@example.net,(882)627-2637,Saint-Peterburg
36,Holly Baker,andrew50@example.org,9293389137,Tula
37,Stephanie Brown,ymcdonald@example.org,842.284.8473,Kazan
38,John Oconnor,sherry23@example.org,540-715-2679x5519,Moscow
39,Eugene Guzman,ortizallison@example.org,565-662-7860,Saint-Peterburg
40,Susan Petersen,sheacharles@example.com,921.396.5822x467,Tula
41,Jessica Keller,danielhenry@example.org,676.578.7569,Tula
42,Amanda Silva,megan19@example.com,001-502-453-7750x834,Saint-Peterburg
43,Michael Lee,kimberlygriffin@example.org,390-563-2241,Saint-Peterburg
44,Jonathan Patterson,ilewis@example.net,001-502-217-2256x53381,Kazan
45,Jeffery Buck,nealbarry@example.net,001-775-286-6472x169,Saint-Peterburg
46,Steve Harris,hernandezcheryl@example.com,4024673584,Moscow
47,Mary Hayes,robertsjohn@example.org,6333415226,Saint-Peterburg
48,Susan Caldwell,larry05@example.net,503-958-7871,Saint-Peterburg
49,David Lara,deanthomas@example.net,(256)822-5111x82182,Tula
50,Janice Stuart,randygriffin@example.com,980.671.7559,Kazan
51,Nathan Russell,laura86@example.com,820-738-5253x85946,Kazan
52,Nicholas Hammond,robert15@example.com,(916)244-9404x4073,Moscow
53,Steven Deleon Jr.,joseph16@example.org,618.541.9194x1150,Tula
54,Stephanie Garcia,qrodriguez@example.org,+1-546-853-3026x79707,Kazan
55,Jason Rowe,sclark@example.org,(859)856-3543,Tula
56,Mr. Javier Harper,robertschwartz@example.net,+1-330-417-6379x127,Saint-Peterburg
57,Robert Dunn,santiagojulia@example.org,513.516.9495x099,Saint-Peterburg
58,Sandra Sanchez,franklinmurphy@example.com,870-509-4793,Kazan
59,John Mcintosh,burchashley@example.com,+1-551-403-9428,Moscow
60,Matthew Young,danielfrank@example.com,815-371-3515,Kazan
61,Keith Taylor,jasmine49@example.net,946.967.2097,Tula
62,Jeanne Valenzuela,huertajessica@example.com,287-930-0608x8596,Kazan
63,Courtney Watson,elizabeth23@example.org,001-964-515-5423x1845,Kazan
64,Riley Nichols,millerjasmine@example.org,637-484-2340x0204,Kazan
65,Sonia Gonzales,dfrye@example.org,4252626976,Moscow
66,Jennifer Scott,lindaflynn@example.com,494.486.2139x0942,Saint-Peterburg
67,Douglas Price,clarkkenneth@example.com,(624)809-4346x870,Kazan
68,Christian Hernandez,haleycory@example.com,776-679-8998x48114,Kazan
69,John Collier,crawfordpriscilla@example.net,763.358.5260x914,Kazan
70,Carmen Diaz,hillbrandy@example.net,9485516657,Tula
71,Taylor Butler,kennethrice@example.com,001-353-469-0855x0207,Saint-Peterburg
72,Scott Ward,crawfordevelyn@example.com,238-366-4536,Moscow
73,Nicole Boyd,xgarza@example.com,799-396-5641x16553,Moscow
74,Carrie Daniels,idorsey@example.net,+1-613-448-4372x547,Moscow
75,Virginia Miller,renee84@example.net,+1-740-442-9851x5197,Moscow
76,Christine Chase,danielle07@example.com,265-944-5401x270,Tula
77,Jordan Beasley,uferguson@example.org,(820)596-7561,Saint-Peterburg
78,John Johnson,joshuamaxwell@example.net,(388)550-7013,Kazan
79,Denise Jensen,rwyatt@example.net,001-776-382-3574x06691,Kazan
80,Glen Leach,umiddleton@example.net,001-217-673-1692x9650,Tula
81,Nicole Medina,cynthia56@example.net,705-355-3796,Tula
82,Sherri Nichols,shane73@example.com,(420)602-4107x98087,Saint-Peterburg
83,Janet Phillips,jerry26@example.com,+1-944-703-4278x4414,Saint-Peterburg
84,Melissa Hernandez,griffinvalerie@example.net,216-242-9828x01183,Kazan
85,Anthony Oliver,jamesbailey@example.net,+1-281-308-2969x52364,Tula
86,Stephanie Klein,adamfarley@example.net,+1-767-825-7730x57514,Moscow
87,Sarah Gordon,acevedomichael@example.net,565-364-0956x614,Kazan
88,Taylor Huynh,shernandez@example.com,(857)538-9185,Saint-Peterburg
89,Ana Mccarty MD,jennifergibson@example.net,445-807-0336x699,Tula
90,Katie Murray MD,blackdeborah@example.com,748-888-6858x895,Tula
91,Jennifer Miller,martha79@example.org,(830)448-3803,Saint-Peterburg
92,Jason Macias,james54@example.com,986-360-7726x040,Kazan
93,Scott Wilson,tarnold@example.net,(774)890-8886x810,Moscow
94,Stephen Williams,kingnichole@example.org,859-401-2945x006,Kazan
95,Laura Espinoza,kmoore@example.org,001-314-629-9761x637,Kazan
96,April Tate,susansanchez@example.com,465.828.0099x01397,Saint-Peterburg
97,Alexander Olson,victoria56@example.net,(602)347-5458,Moscow
98,Raymond Wright,selliott@example.com,+1-795-990-5309x5290,Saint-Peterburg
99,Joseph Patterson,schroederlaura@example.net,292-257-5103,Saint-Peterburg
100,Jessica Cortez,donalderickson@example.org,522.795.7655,Saint-Peterburg
